{
    "name": "ESP32 ESP32S2 AnalogWrite",
    "keywords": "esp32, analogWrite, esp32-s2, esp32-c3, LEDC",
    "description": "AnalogWrite for ESP32 and ESP32-S2 with LEDC PWM. Includes PWM Phase Control, DAC and Smart GPIO resource management.",
    "license": "MIT",
    "version": "2.0.9",
    "frameworks": "arduino",
    "platforms": "espressif32",
    "repository": {
        "type": "git",
        "url": "https://github.com/Dlloydev/ESP32-ESP32S2-AnalogWrite"
    },
    "authors": [
        {
            "name":  "David Lloyd"
        }
    ]
}